{
  "price_only": {
    "accuracy": 0.4969818913480885,
    "macro_f1": 0.4637200908208287,
    "weighted_f1": 0.5107177508590908,
    "labels": [
      "negative",
      "neutral",
      "positive"
    ],
    "confusion_matrix": [
      [
        98,
        50,
        50
      ],
      [
        113,
        294,
        132
      ],
      [
        83,
        72,
        102
      ]
    ],
    "classification_report": {
      "negative": {
        "precision": 0.3333333333333333,
        "recall": 0.494949494949495,
        "f1-score": 0.3983739837398374,
        "support": 198.0
      },
      "neutral": {
        "precision": 0.7067307692307693,
        "recall": 0.5454545454545454,
        "f1-score": 0.6157068062827226,
        "support": 539.0
      },
      "positive": {
        "precision": 0.3591549295774648,
        "recall": 0.3968871595330739,
        "f1-score": 0.37707948243992606,
        "support": 257.0
      },
      "accuracy": 0.4969818913480885,
      "macro avg": {
        "precision": 0.4664063440471891,
        "recall": 0.4790970666457048,
        "f1-score": 0.4637200908208287,
        "support": 994.0
      },
      "weighted avg": {
        "precision": 0.5424856152080414,
        "recall": 0.4969818913480885,
        "f1-score": 0.5107177508590908,
        "support": 994.0
      }
    },
    "model_name": "classical_price_only",
    "feature_mode": "price_only",
    "split": "test",
    "n_rows": 994
  },
  "text_only": {
    "accuracy": 0.4164989939637827,
    "macro_f1": 0.3653016754163991,
    "weighted_f1": 0.42416872065099986,
    "labels": [
      "negative",
      "neutral",
      "positive"
    ],
    "confusion_matrix": [
      [
        59,
        86,
        53
      ],
      [
        112,
        283,
        144
      ],
      [
        69,
        116,
        72
      ]
    ],
    "classification_report": {
      "negative": {
        "precision": 0.24583333333333332,
        "recall": 0.29797979797979796,
        "f1-score": 0.2694063926940639,
        "support": 198.0
      },
      "neutral": {
        "precision": 0.5835051546391753,
        "recall": 0.5250463821892394,
        "f1-score": 0.552734375,
        "support": 539.0
      },
      "positive": {
        "precision": 0.26765799256505574,
        "recall": 0.2801556420233463,
        "f1-score": 0.2737642585551331,
        "support": 257.0
      },
      "accuracy": 0.4164989939637827,
      "macro avg": {
        "precision": 0.3656654935125214,
        "recall": 0.3677272740641279,
        "f1-score": 0.3653016754163991,
        "support": 994.0
      },
      "weighted avg": {
        "precision": 0.43457986160939116,
        "recall": 0.4164989939637827,
        "f1-score": 0.42416872065099986,
        "support": 994.0
      }
    },
    "model_name": "classical_text_only",
    "feature_mode": "text_only",
    "split": "test",
    "n_rows": 994
  },
  "text_price": {
    "accuracy": 0.5040241448692153,
    "macro_f1": 0.45702213577683826,
    "weighted_f1": 0.5116484168898682,
    "labels": [
      "negative",
      "neutral",
      "positive"
    ],
    "confusion_matrix": [
      [
        84,
        68,
        46
      ],
      [
        101,
        322,
        116
      ],
      [
        71,
        91,
        95
      ]
    ],
    "classification_report": {
      "negative": {
        "precision": 0.328125,
        "recall": 0.42424242424242425,
        "f1-score": 0.3700440528634361,
        "support": 198.0
      },
      "neutral": {
        "precision": 0.6694386694386695,
        "recall": 0.5974025974025974,
        "f1-score": 0.6313725490196078,
        "support": 539.0
      },
      "positive": {
        "precision": 0.36964980544747084,
        "recall": 0.36964980544747084,
        "f1-score": 0.36964980544747084,
        "support": 257.0
      },
      "accuracy": 0.5040241448692153,
      "macro avg": {
        "precision": 0.45573782496204673,
        "recall": 0.46376494236416416,
        "f1-score": 0.45702213577683826,
        "support": 994.0
      },
      "weighted avg": {
        "precision": 0.5239398318183529,
        "recall": 0.5040241448692153,
        "f1-score": 0.5116484168898682,
        "support": 994.0
      }
    },
    "model_name": "classical_text_price",
    "feature_mode": "text_price",
    "split": "test",
    "n_rows": 994
  }
}